Indicator,S.No.,Parameters,Type,SubDistrict-_North East,SubDistrict-CGHS,SubDistrict-Delhi Govt,SubDistrict-ESI,SubDistrict-MCD,SubDistrict-MCW Centres MCD,SubDistrict-Private
M1 [Ante Natal Care Services ANC],1.1,Total number of pregnant women Registered for ANC,TOTAL,55698,248,41772,261,8885,4044,488
M1 [Ante Natal Care Services ANC],1.1.1,Of which Number registered within first trimester (within 12 weeks),TOTAL,20410,105,15742,110,2743,1391,319
M1 [Ante Natal Care Services ANC],1.2,Number of Pregnant women registered under JSY,TOTAL,1391,24,634,18,715,0,0
M1 [Ante Natal Care Services ANC],1.3,Number of pregnant women received 3 ANC check ups during pregnancy,TOTAL,31174,96,22909,116,6427,1319,307
M1 [Ante Natal Care Services ANC],1.4.1,Number of pregnant women given TT1 during current pregnancy,TOTAL,20234,78,14474,128,3520,1780,254
M1 [Ante Natal Care Services ANC],1.4.2,Number of pregnant women given TT2 or Booster during current pregnancy,TOTAL,18588,62,13661,121,2838,1665,241
M1 [Ante Natal Care Services ANC],1.5,Total number of pregnant women given 100 IFA tablets,TOTAL,26889,74,20196,102,5244,1176,97
M1 [Ante Natal Care Services ANC],1.6.1,Number of new cases of Hypertension (BP>140/90) detected in Pregnant women at the institution,TOTAL,430,0,326,0,103,1,NA
M1 [Ante Natal Care Services ANC],1.6.2,Number of Eclampsia cases managed during delivery,TOTAL,33,0,33,0,0,0,NA
M1 [Ante Natal Care Services ANC],1.7.1,Number of Pregnant women with anaemia i.e. Hb level<11 (tested cases),TOTAL,16588,37,8200,35,8195,12,109
M1 [Ante Natal Care Services ANC],1.7.2,Number of Pregnant women having severe anaemia (Hb<7) treated at institution,TOTAL,258,NA,129,NA,112,NA,17
M1 [Ante Natal Care Services ANC],1.8,Number of pregnancy test kits used at SC level,TOTAL,2223,NA,2223,NA,NA,0,NA
M2 [Deliveries],2.1.1.a,Number of deliveries conducted at Home and attended by trained SBA(i.e. Doctor or Nurse or ANM),TOTAL,0,NA,0,NA,NA,0,NA
M2 [Deliveries],2.1.1.b,Number of deliveries conducted at Home and attended by non trained SBA (i.e. trained TBA or Relatives etc.),TOTAL,2306,NA,2292,NA,NA,14,NA
M2 [Deliveries],2.1.1.c,Total number of deliveries conducted at Home and attended by trained or non-trained SBA (i.e. sum of 2.1.1.a and 2.1.1.b),TOTAL,2306,NA,2292,NA,NA,14,NA
M2 [Deliveries],2.1.2,Number of newborns visited within 24 hours of delivery for deliveries conducted at home,TOTAL,903,NA,890,NA,NA,13,NA
M2 [Deliveries],2.1.3,Number of mothers paid JSY incentive for deliveries conducted at home,TOTAL,1,NA,1,NA,NA,0,NA
M2 [Deliveries],2.2,Deliveries conducted at Public Institutions (Including C-Sections),TOTAL,5703,NA,4457,NA,1246,0,NA
M2 [Deliveries],2.2.1,"Out of 2.2, Number discharged under 48 hours of delivery",TOTAL,3967,NA,3421,NA,546,0,NA
M2 [Deliveries],2.2.2.a,Number of mothers paid JSY Incentive for deliveries conducted at Public Institutions,TOTAL,364,NA,151,NA,213,0,NA
M2 [Deliveries],2.2.2.b,Number of ASHAs paid JSY Incentive for deliveries conducted at Public Institutions,TOTAL,53,NA,25,NA,28,0,NA
M2 [Deliveries],2.2.2.c,Number of cases of deliveries conducted at Public Institutions where JSY incentive was paid to ANMs or AWWs [only for High Performing States (HPS)],TOTAL,0,NA,0,NA,0,0,NA
M2 [Deliveries],2.3,Deliveries conducted at Private Institutions (Including C-Sections),TOTAL,211,NA,NA,NA,NA,NA,211
M2 [Deliveries],2.3.1.a,Number of mothers paid JSY Incentive for deliveries conducted at accredited Private Institutions,TOTAL,NA,NA,NA,NA,NA,NA,NA
M2 [Deliveries],2.3.1.b,Number of ASHAs paid JSY Incentive for deliveries conducted at accredited Private Institutions,TOTAL,NA,NA,NA,NA,NA,NA,NA
M2 [Deliveries],2.3.1.c,Number of cases of deliveries conducted at accredited Private Institutions where JSY incentive was paid to ANMs or AWWs [only for High Performing States (HPS)],TOTAL,NA,NA,NA,NA,NA,NA,NA
M3 [Number of Caesarean C-Section deliveries performed at],3.1.1,Number of Caesarean (C-Section) deliveries performed at PHCs (Primary Health Centre),TOTAL,0,NA,0,NA,NA,0,NA
M3 [Number of Caesarean C-Section deliveries performed at],3.1.2,Number of Caesarean (C-Section) deliveries performed at CHCs (Community Health Centre),TOTAL,0,NA,NA,NA,0,NA,NA
M3 [Number of Caesarean C-Section deliveries performed at],3.1.3,Number of Caesarean (C-Section) deliveries performed at SDHs (Sub-divisional Hospital) or DHs (District Hospital),TOTAL,563,NA,563,NA,NA,NA,NA
M3 [Number of Caesarean C-Section deliveries performed at],3.1.4,Number of Caesarean (C-Section) deliveries performed at other State owned public institutions,TOTAL,NA,NA,NA,NA,NA,NA,NA
M3 [Number of Caesarean C-Section deliveries performed at],3.1.5,"Total Number of Caesarean (C-Section) deliveries performed at Public facilities i.e. PHC, CHC, SDH, DH and other State owned public institutions (sum of items from 3.1.1 to 3.1.4)",TOTAL,563,NA,563,NA,0,0,NA
M3 [Number of Caesarean C-Section deliveries performed at],3.2,No. of C-section deliveries performed at Private facilities,TOTAL,141,NA,NA,NA,NA,NA,141
M4 [Pregnancy outcome & weight of new-born],4.1.1.a,Number of male live births,TOTAL,4182,NA,3452,NA,618,7,105
M4 [Pregnancy outcome & weight of new-born],4.1.1.b,Number of female live births,TOTAL,4013,NA,3281,NA,623,7,102
M4 [Pregnancy outcome & weight of new-born],4.1.1.c,Total number of male and female live births (4.1.1.a and 4.1.1.b),TOTAL,8195,NA,6733,NA,1241,14,207
M4 [Pregnancy outcome & weight of new-born],4.1.2,Number of still births,TOTAL,50,NA,42,NA,6,0,2
M4 [Pregnancy outcome & weight of new-born],4.1.3,Number of Abortions (spontaneous or induced),TOTAL,437,NA,380,NA,11,0,46
M4 [Pregnancy outcome & weight of new-born],4.2.1,Number of Newborns weighed at birth,TOTAL,7099,NA,5641,NA,1241,10,207
M4 [Pregnancy outcome & weight of new-born],4.2.2,Number of Newborns having weight less than 2.5 kg,TOTAL,1279,NA,1164,NA,97,4,14
M4 [Pregnancy outcome & weight of new-born],4.3,Number of Newborns breast fed within 1 hour of birth,TOTAL,6596,NA,5244,NA,1218,13,121
M5 [Complicated pregnanices],5.1.1,Number of cases of pregnant women with Obstetric Complications and attended at PHCs,TOTAL,0,NA,0,NA,NA,0,NA
M5 [Complicated pregnanices],5.1.2,Number of cases of pregnant women with Obstetric Complications and attended at CHCs,TOTAL,456,NA,NA,NA,456,NA,NA
M5 [Complicated pregnanices],5.1.3,Number of cases of pregnant women with Obstetric Complications and attended at SDHs or DHs,TOTAL,310,NA,310,NA,NA,NA,NA
M5 [Complicated pregnanices],5.1.4,Number of cases of pregnant women with Obstetric Complications and attended at other State owned public institutions,TOTAL,NA,NA,NA,NA,NA,NA,NA
M5 [Complicated pregnanices],5.1.5,"Number of cases of pregnant women with Obstetric Complications and attended at Public facilities i.e. PHC, CHC, SDH, DH and other State owned public institutions (sum of items from 5.1.1 to 5.1.4)",TOTAL,766,NA,310,NA,456,0,NA
M5 [Complicated pregnanices],5.2,Number of cases of pregnant women with Obstetric Complications and attended at Private facilities,TOTAL,134,NA,NA,NA,NA,NA,134
M5 [Complicated pregnanices],5.3.1,Number of cases of complicated pregnancies treated with IV antibiotics,TOTAL,456,NA,240,NA,102,0,114
M5 [Complicated pregnanices],5.3.2,Number of cases of complicated pregnancies treated with IV Antihypertensive/Magsulph injection,TOTAL,248,NA,67,NA,94,0,87
M5 [Complicated pregnanices],5.3.3,Number of cases of complicated pregnancies treated with IV Oxytocis,TOTAL,559,NA,180,NA,257,0,122
M5 [Complicated pregnanices],5.3.4,Number of cases of complicated pregnancies treated with Blood Transfusion,TOTAL,77,NA,77,NA,0,NA,0
M6 [Post - Natal Care],6.1,Women getting post partum check-up within 48 hours after delivery,TOTAL,7299,NA,5936,NA,1171,13,179
M6 [Post - Natal Care],6.2,Women getting a post partum check up between 48 hours and 14 days after delivery,TOTAL,6725,NA,6309,NA,348,1,67
M6 [Post - Natal Care],6.3,PNC maternal complications attended,TOTAL,1,NA,0,NA,1,0,NA
M7 [Medical Termination of Pregnancy (MTP)],7.1.1,Number of MTPs conducted at Public Institutions up to 12 weeks of pregnancy,TOTAL,42,NA,34,NA,8,0,NA
M7 [Medical Termination of Pregnancy (MTP)],7.1.2,Number of MTPs conducted at Public Institutions for more than 12 weeks of pregnancy,TOTAL,0,NA,0,NA,0,0,NA
M7 [Medical Termination of Pregnancy (MTP)],7.1.3,Total number of MTPs conducted at Public Institutions (sum of items 7.1.1 and 7.1.2),TOTAL,42,NA,34,NA,8,0,NA
M7 [Medical Termination of Pregnancy (MTP)],7.2,Number of MTPs conducted at Private Facilities,TOTAL,24,NA,0,NA,NA,0,24
M8 [RTI/STI Cases],8.1.a,Number of new cases of RTI/STI in males for which treatment was initiated,TOTAL,1384,35,1103,38,191,17,NA
M8 [RTI/STI Cases],8.1.b,Number of new cases of RTI/STI in females for which treatment was initiated,TOTAL,13240,154,7860,156,2489,2581,NA
M8 [RTI/STI Cases],8.1.c,Total number of new cases of RTI/STI in males and females for which treatment was initiated (sum of items 8.1.a and 8.1.b),TOTAL,14624,189,8963,194,2680,2598,NA
M8 [RTI/STI Cases],8.2,Number of suspected RTI/STI cases for whom wet mount test was conducted,TOTAL,212,NA,14,NA,0,198,NA
M9 [Family Planning],9.1.1.a,Number of NSV (No Scalpel Vasectomy) or Conventional Vasectomy conducted at PHCs,TOTAL,0,NA,0,NA,NA,0,NA
M9 [Family Planning],9.1.1.b,Number of NSV or Conventional Vasectomy conducted at CHCs,TOTAL,0,NA,NA,NA,0,NA,NA
M9 [Family Planning],9.1.1.c,Number of NSV or Conventional Vasectomy conducted at SDHs or DHs,TOTAL,10,NA,10,NA,NA,NA,NA
M9 [Family Planning],9.1.1.d,Number of NSV or Conventional Vasectomy conducted at other State owned public institutions,TOTAL,NA,NA,NA,NA,NA,NA,NA
M9 [Family Planning],9.1.1.e,"Total Number of NSV or Conventional Vasectomy conducted at Public facilities i.e. PHC, CHC, SDH, DH and other State owned public institutions (sum of items from 9.1.1.a to 9.1.1.d)",TOTAL,10,NA,10,NA,0,0,NA
M9 [Family Planning],9.1.2,Number of NSV or Conventional Vasectomy conducted at Private facilities,TOTAL,NA,NA,NA,NA,NA,NA,NA
M9 [Family Planning],9.2.1.a,Number of Laparoscopic sterilizations conducted at PHCs,TOTAL,0,NA,0,NA,NA,0,NA
M9 [Family Planning],9.2.1.b,Number of Laparoscopic sterilizations conducted at CHCs,TOTAL,0,NA,NA,NA,0,NA,NA
M9 [Family Planning],9.2.1.c,Number of Laparoscopic sterilizations conducted at SDHs or DHs,TOTAL,14,NA,14,NA,NA,NA,NA
M9 [Family Planning],9.2.1.d,Number of Laparoscopic sterilizations conducted at other State owned public institutions,TOTAL,NA,NA,NA,NA,NA,NA,NA
M9 [Family Planning],9.2.1.e,"Total Number of Laparoscopic sterilizations conducted at Public facilities i.e. PHC, CHC, SDH, DH and other State owned public institutions (sum of items from 9.2.1.a to 9.2.1.d)",TOTAL,14,NA,14,NA,0,0,NA
M9 [Family Planning],9.2.2,Number of Laparoscopic sterilizations conducted at Private facilities,TOTAL,NA,NA,NA,NA,NA,NA,NA
M9 [Family Planning],9.3.1.a,Number of Mini-lap sterilizations conducted at PHCs,TOTAL,0,NA,0,NA,NA,0,NA
M9 [Family Planning],9.3.1.b,Number of Mini-lap sterilizations conducted at CHCs,TOTAL,0,NA,NA,NA,0,NA,NA
M9 [Family Planning],9.3.1.c,Number of Mini-lap sterilizations conducted at SDHs or DHs,TOTAL,3,NA,3,NA,NA,NA,NA
M9 [Family Planning],9.3.1.d,Number of Mini-lap sterilizations conducted at other State owned public institutions,TOTAL,NA,NA,NA,NA,NA,NA,NA
M9 [Family Planning],9.3.1.e,"Total Number of Mini-lap sterilizations conducted at Public facilities i.e. PHC, CHC, SDH, DH and other State owned public institutions (sum of items from 9.3.1.a to 9.3.1.d)",TOTAL,NA,NA,NA,NA,NA,NA,NA
M9 [Family Planning],9.3.2,Number of Mini-lap sterilizations conducted at Private facilities,TOTAL,NA,NA,NA,NA,NA,NA,NA
M9 [Family Planning],9.4.1.a,Number of Post-Partum sterilizations conducted at PHCs,TOTAL,0,NA,0,NA,NA,0,NA
M9 [Family Planning],9.4.1.b,Number of Post-Partum sterilizations conducted at CHCs,TOTAL,0,NA,NA,NA,0,NA,NA
M9 [Family Planning],9.4.1.c,Number of Post-Partum sterilizations conducted at SDHs or DHs,TOTAL,46,NA,46,NA,NA,NA,NA
M9 [Family Planning],9.4.1.d,Number of Post-Partum sterilizations conducted at other State owned public institutions,TOTAL,NA,NA,NA,NA,NA,NA,NA
M9 [Family Planning],9.4.1.e,"Total Number of Post-Partum sterilizations conducted at Public facilities i.e. PHC, CHC, SDH, DH and other State owned public institutions (sum of items from 9.4.1.a to 9.4.1.d)",TOTAL,46,NA,46,NA,0,0,NA
M9 [Family Planning],9.4.2,Number of Post-Partum sterilizations conducted at Private facilities,TOTAL,NA,NA,NA,NA,NA,NA,NA
M9 [Family Planning],9.5.1.a,Number of IUCD Insertions conducted at SCs,TOTAL,0,NA,0,NA,NA,0,NA
M9 [Family Planning],9.5.1.b,Number of IUCD Insertions conducted at PHCs,TOTAL,1898,18,1384,33,NA,463,NA
M9 [Family Planning],9.5.1.c,Number of IUCD Insertions conducted at CHCs,TOTAL,1029,NA,NA,NA,1029,NA,NA
M9 [Family Planning],9.5.1.d,Number of IUCD Insertions conducted at SDHs or DHs,TOTAL,1121,NA,1121,NA,NA,NA,NA
M9 [Family Planning],9.5.1.e,Number of IUCD Insertions conducted at other State owned public institutions,TOTAL,NA,NA,NA,NA,NA,NA,NA
M9 [Family Planning],9.5.1.f,"Total Number of IUCD Insertions conducted at Public facilities i.e. SC, PHC, CHC, SDH, DH and other State owned public institutions (sum of items from 9.5.1.a to 9.5.1.e)",TOTAL,4048,18,2505,33,1029,463,NA
M9 [Family Planning],9.5.1A,"Out of above total, Post Partum (within 48 hours of delivery) IUCD insertions",TOTAL,1397,NA,947,NA,450,0,NA
M9 [Family Planning],9.5.2,Number of IUCD Insertions conducted at Private facilities,TOTAL,52,NA,NA,NA,NA,NA,52
M9 [Family Planning],9.06,Number of IUCD removals,TOTAL,847,3,447,5,140,244,8
M9 [Family Planning],9.07,Number of Oral Pills cycles distributed,TOTAL,13629,41,11724,54,671,1139,NA
M9 [Family Planning],9.08,Number of Condom pieces distributed,TOTAL,358426,370,292064,401,37706,27885,NA
M9 [Family Planning],9.09,Number of Centchroman (weekly) pills given,TOTAL,80,NA,80,NA,0,0,NA
M9 [Family Planning],9.1,Number of Emergency Contraceptive Pills distributed,TOTAL,1999,NA,1703,NA,105,191,NA
M9 [Family Planning],9.11.1.a,Number of cases of complications following male sterilization,TOTAL,0,NA,0,NA,0,0,NA
M9 [Family Planning],9.11.1.b,Number of cases of complications following female sterilization,TOTAL,0,NA,0,NA,0,0,NA
M9 [Family Planning],9.11.2.a,Number of failures following male sterilization,TOTAL,0,NA,0,NA,0,0,NA
M9 [Family Planning],9.11.2.b,Number of failures following female sterilization,TOTAL,0,NA,0,NA,0,0,NA
M9 [Family Planning],9.11.3.a,Number of deaths following male sterilization,TOTAL,0,NA,0,NA,0,0,NA
M9 [Family Planning],9.11.3.b,Number of deaths following female sterilization,TOTAL,0,NA,0,NA,0,0,NA
M9 [Family Planning],9.12,Number of Institutions having NSV trained doctors,TOTAL,9,NA,9,NA,NA,NA,NA
M10 [CHILD IMMUNIZATION],10.1.01,Number of Infants (0 to 11 months old)received BCG immunisation,TOTAL,13414,29,10642,45,1730,772,196
M10 [CHILD IMMUNIZATION],10.1.02,Number of Infants (0 to 11 months old) received DPT1 immunisation,TOTAL,797,0,569,10,9,95,114
M10 [CHILD IMMUNIZATION],10.1.03,Number of Infants (0 to 11 months old) received DPT2 immunisation,TOTAL,747,0,536,13,12,115,71
M10 [CHILD IMMUNIZATION],10.1.04,Number of Infants (0 to 11 months old) received DPT3 immunisation,TOTAL,649,14,446,28,7,90,64
M10 [CHILD IMMUNIZATION],10.1.04A,Number of Infants (0 to 11 months old) received Pentavalent1 immunisation,TOTAL,28572,85,22331,107,3026,2849,174
M10 [CHILD IMMUNIZATION],10.1.04B,Number of Infants (0 to 11 months old) received Pentavalent2 immunisation,TOTAL,28083,90,22100,115,2820,2828,130
M10 [CHILD IMMUNIZATION],10.1.04C,Number of Infants (0 to 11 months old) received Pentavalent3 immunisation,TOTAL,26661,82,20927,108,2692,2730,122
M10 [CHILD IMMUNIZATION],10.1.05,Number of Infants (0 to 11 months old) received OPV 0 (Birth Dose),TOTAL,7039,0,5474,0,1280,78,207
M10 [CHILD IMMUNIZATION],10.1.06,Number of Infants (0 to 11 months old) received OPV1 (First Dose),TOTAL,28967,85,22686,115,3024,2946,111
M10 [CHILD IMMUNIZATION],10.1.07,Number of Infants (0 to 11 months old) received OPV2 (Second Dose),TOTAL,28527,58,22494,66,2868,2969,72
M10 [CHILD IMMUNIZATION],10.1.08,Number of Infants (0 to 11 months old) received OPV3 (Third Dose),TOTAL,26915,49,21144,63,2727,2860,72
M10 [CHILD IMMUNIZATION],10.1.09A,Number of Infants (upto 48 hrs of age) received Hepatitis-B0 immunisation,TOTAL,6140,0,4716,11,1199,14,200
M10 [CHILD IMMUNIZATION],10.1.09,Number of Infants (0 to 11 months old) received Hepatitis-B1 immunisation,TOTAL,1105,0,961,0,0,43,101
M10 [CHILD IMMUNIZATION],10.1.10,Number of Infants (0 to 11 months old) received Hepatitis-B2 immunisation,TOTAL,493,0,349,10,3,40,91
M10 [CHILD IMMUNIZATION],10.1.11,Number of Infants (0 to 11 months old) received Hepatitis-B3 immunisation,TOTAL,453,0,320,9,1,40,83
M10 [CHILD IMMUNIZATION],10.1.12,Number of Infants (0 to 11 months old) received Measles immunisation (First Dose),TOTAL,28600,94,22484,121,2763,3058,80
M10 [CHILD IMMUNIZATION],10.1.12B,Number of Infants (more than 16 months old) received Measles immunisation (Second Dose),TOTAL,8662,NA,7004,NA,649,966,43
M10 [CHILD IMMUNIZATION],10.1A,No. of Children aged 9 to 12 months who received JE 1st dose,TOTAL,0,NA,0,NA,0,0,NA
M10 [CHILD IMMUNIZATION],10.1.13.a,Total number of male children (9 to 11 months old) fully immunised (BCG+DPT123/Pentavalent123+OPV123+Measles) during the month,TOTAL,14682,52,11633,66,1392,1508,31
M10 [CHILD IMMUNIZATION],10.1.13.b,Total number of female children (9 to 11 months old) fully immunised (BCG+DPT123/Pentavalent123+OPV123+Measles) during the month,TOTAL,12993,40,10325,55,1148,1400,25
M10 [CHILD IMMUNIZATION],10.1.13.c,Total number of children (9 to 11 months old) fully immunised (BCG+DPT123/Pentavalent123+OPV123+Measles) during the month (sum of items 10.1.13.a and 10.1.13.b),TOTAL,27675,92,21958,121,2540,2908,56
M10 [CHILD IMMUNIZATION],10.2.1,Number of Infants (more than 16 months old) received DPT Booster dose,TOTAL,28460,48,22723,55,2623,2961,50
M10 [CHILD IMMUNIZATION],10.2.2,Number of Infants (more than 16 months old) received OPV Booster dose,TOTAL,28295,36,22592,43,2623,2958,43
M10 [CHILD IMMUNIZATION],10.2.3,"Number of Infants (more than 16 months old) received Measles, Mumps, Rubella (MMR) Vaccination",TOTAL,19095,73,14673,76,1608,2647,18
M10 [CHILD IMMUNIZATION],10.3.1.a,Total number of male children (12 to 23 months old) fully immunised (BCG+DPT123/Pentavalent123+OPV123+Measles) during the month,TOTAL,5678,0,4039,0,159,1465,15
M10 [CHILD IMMUNIZATION],10.3.1.b,Total number of female children (12 to 23 months old) fully immunised (BCG+DPT123/Pentavalent123+OPV123+Measles) during the month,TOTAL,5262,0,3762,0,142,1343,15
M10 [CHILD IMMUNIZATION],10.3.1.c,Total number of children (12 to 23 months old) fully immunised (BCG+DPT123+OPV123/Pentavalent123+Measles) during the month (sum of items 10.3.1.a and 10.3.1.b),TOTAL,10940,0,7801,0,301,2808,30
M10 [CHILD IMMUNIZATION],10.3.2,Number of children (more than 5 years old) given DT5,TOTAL,12017,66,9272,62,1300,1317,NA
M10 [CHILD IMMUNIZATION],10.3.3,Number of children (more than 10 years old) given TT10,TOTAL,3164,13,2979,22,137,13,NA
M10 [CHILD IMMUNIZATION],10.3.4,Number of children (more than 16 years old) given TT16,TOTAL,1593,12,1539,15,27,0,NA
M10 [CHILD IMMUNIZATION],10.3.5.a,Number of cases of Abscess reported following immunisation [Adverse Event Following Immunisation (AEFI)],TOTAL,0,NA,0,NA,0,0,NA
M10 [CHILD IMMUNIZATION],10.3.5.b,Number of cases of Death reported following immunisation [Adverse Event Following Immunisation (AEFI)],TOTAL,0,NA,0,NA,0,0,NA
M10 [CHILD IMMUNIZATION],10.3.5.c,Number of cases of other complications reported following immunisation [Adverse Event Following Immunisation (AEFI)],TOTAL,8,NA,8,NA,0,0,NA
M10 [CHILD IMMUNIZATION],10.4.1,Number of Immunisation sessions planned to be held during the month,TOTAL,8632,17,6938,15,698,964,NA
M10 [CHILD IMMUNIZATION],10.4.2,Number of Immunisation sessions held during the month,TOTAL,8413,15,6748,15,674,961,NA
M10 [CHILD IMMUNIZATION],10.4.3,Number of Immunisation sessions held during the month where ASHAs were present,TOTAL,6792,NA,5862,NA,420,510,NA
M10 [CHILD IMMUNIZATION],10.5.1,Number of children (more than 16 months old) received Japanese Encephalitis (JE) vaccination,TOTAL,0,NA,0,NA,0,0,NA
M11 [Number of Vitamin A doses],11.1.1,Number of children (9 months to 5 years old) administered 1st dose of Vitamin A (Dose-1),TOTAL,21167,54,17136,81,1606,2290,NA
M11 [Number of Vitamin A doses],11.1.2,Number of children (9 months to 5 years old) were administered 5th dose of Vitamin A (Dose-5),TOTAL,12153,9,9597,7,344,2196,NA
M11 [Number of Vitamin A doses],11.1.3,Number of children (9 months to 5 years old) administered 9th dose of Vitamin A (Dose-9),TOTAL,7001,0,5360,0,55,1586,NA
M12 [Number of cases of Childhood Diseases reported during the month0-5 years:],12.1,Number of cases of Diptheria reported in children below 5 years of age,TOTAL,0,NA,0,NA,0,0,NA
M12 [Number of cases of Childhood Diseases reported during the month0-5 years:],12.2,Number of cases of Pertusis reported in children below 5 years of age,TOTAL,0,NA,0,NA,0,0,NA
M12 [Number of cases of Childhood Diseases reported during the month0-5 years:],12.3,Number of cases of Tetanus neonatarum reported in children below 5 years of age,TOTAL,0,NA,0,NA,0,0,NA
M12 [Number of cases of Childhood Diseases reported during the month0-5 years:],12.4,Number of cases of Tetanus other than neonatarum reported in children below 5 years of age,TOTAL,0,NA,0,NA,0,0,NA
M12 [Number of cases of Childhood Diseases reported during the month0-5 years:],12.5,Number of cases of Polio reported in children below 5 years of age,TOTAL,0,NA,0,NA,0,0,NA
M12 [Number of cases of Childhood Diseases reported during the month0-5 years:],12.6,Number of cases of Measles reported in children below 5 years of age,TOTAL,12,NA,12,NA,0,0,NA
M12 [Number of cases of Childhood Diseases reported during the month0-5 years:],12.7,Number of cases of Diarrhoea and Dehydration reported in children below 5 years of age,TOTAL,1606,NA,959,NA,419,228,NA
M12 [Number of cases of Childhood Diseases reported during the month0-5 years:],12.8,Number of cases of Malaria reported in children below 5 years of age,TOTAL,0,NA,0,NA,0,0,NA
M12 [Number of cases of Childhood Diseases reported during the month0-5 years:],12.9,Number of children below 5 years of age admitted with Respiratory Infections,TOTAL,46,NA,0,NA,0,46,NA
M13 [Blindness Control Programme],13.1,Number of Patients operated for cataract,TOTAL,358,NA,358,NA,0,0,NA
M13 [Blindness Control Programme],13.2,Number of Intraocular Lens(IOL) implantations,TOTAL,357,NA,357,NA,0,0,NA
M13 [Blindness Control Programme],13.3,Number of School children detected with Refractive errors,TOTAL,640,NA,640,NA,0,0,NA
M13 [Blindness Control Programme],13.4,Number of children provided free glasses,TOTAL,0,NA,0,NA,0,0,NA
M13 [Blindness Control Programme],13.5,Number of eyes collected through eye donation,TOTAL,0,NA,NA,NA,0,NA,NA
M13 [Blindness Control Programme],13.6,Number of eyes utilised for corneal transplant,TOTAL,0,NA,NA,NA,0,NA,NA
M14 [Patient Services],14.01,Number of CHC or SDH or DH functioning as First Referral units (FRUs),TOTAL,45,NA,12,NA,33,NA,NA
M14 [Patient Services],14.02,Number of PHCs functioning 24X7 with atleast 3 Staff Nurses,TOTAL,NA,NA,NA,NA,NA,NA,NA
M14 [Patient Services],14.03,Number of Anganwadi centres reported to have conducted VHNDs,TOTAL,268,NA,263,NA,NA,5,NA
M14 [Patient Services],14.04,Number of facilities having a Rogi Kalyan Samiti (RKS),TOTAL,46,NA,12,NA,34,NA,NA
M14 [Patient Services],14.05,Number of RKS meetings held during the month,TOTAL,10,NA,4,NA,6,NA,NA
M14 [Patient Services],14.06,Number of facilities having Ambulance services (Assured Referral Services),TOTAL,53,NA,12,NA,30,NA,11
M14 [Patient Services],14.07,Total Number of times the Ambulance was used for transporting patients during the month,TOTAL,1405,NA,292,NA,1113,NA,NA
M14 [Patient Services],14.08,Number of Institutions having Operational Sick New Born and Child Care Units (SNCU),TOTAL,7,NA,7,NA,NA,NA,NA
M14 [Patient Services],14.09,Number of functional Laproscopes in CHC/SDH/DH,TOTAL,0,NA,NA,NA,0,NA,0
M14 [Patient Services],14.09.a,Health Facility Services/Patient Services/Stock out rate of essential Drugs,TOTAL,NA,NA,NA,NA,NA,NA,NA
M14 [Patient Services],14.09.b,Health Facility Services/Patient Services/Blood Units Issued on replacement,TOTAL,NA,NA,NA,NA,NA,NA,NA
M14 [Patient Services],14.09.c,Health Facility Services/Patient Services/Total no. of blood units issued in year,TOTAL,NA,NA,NA,NA,NA,NA,NA
M14 [Patient Services],14.10.1.a,Number of male patients admitted (Inpatients) during the month,1. Children,2491,NA,2093,NA,282,NA,116
M14 [Patient Services],14.10.1.a,Number of male patients admitted (Inpatients) during the month,2. Adults,4840,NA,3715,NA,967,0,158
M14 [Patient Services],14.10.1.b,Number of female patients (Inpatients) admitted during the month,1. Children,2305,NA,1853,NA,292,NA,160
M14 [Patient Services],14.10.1.b,Number of female patients (Inpatients) admitted during the month,2. Adults,13349,NA,12056,NA,1060,0,233
M14 [Patient Services],14.10.1.c,Total number of patients admitted (Inpatients) during the month (sum of items 14.10.1.a and 14.10.1.b),1. Children,4796,NA,3946,NA,574,NA,276
M14 [Patient Services],14.10.1.c,Total number of patients admitted (Inpatients) during the month (sum of items 14.10.1.a and 14.10.1.b),2. Adults,18189,NA,15771,NA,2027,0,391
M14 [Patient Services],14.10.2.a,Number of death cases of Inpatient males,TOTAL,12,NA,12,NA,0,0,NA
M14 [Patient Services],14.10.2.b,Number of death cases of Inpatient females,TOTAL,23,NA,23,NA,0,0,NA
M14 [Patient Services],14.10.2.c,Number of cases of death of Inpatients (sum of items 14.10.2.a and 14.10.2.b),TOTAL,35,NA,35,NA,0,0,NA
M14 [Patient Services],14.11,In-Patient Head Count at midnight,TOTAL,37767,NA,33096,NA,3487,0,1184
M14 [Patient Services],14.12.1,OPD attendance (All),TOTAL,2885916,16653,2501091,14575,266706,55038,31853
M14 [Patient Services],14.13.1,Number of major operations carried out using general or spinal anaesthesia,TOTAL,2406,NA,1951,NA,0,0,455
M14 [Patient Services],14.13.1A,"Out of 14.13.1,Gynecology- Hysterectomy surgeries",TOTAL,65,NA,65,NA,0,0,NA
M14 [Patient Services],14.13.1.B,"Patient Services/Operation major (General and spinal anaesthesia)/Major Surgeries excluding Obstetrics, Gynaecology and Opthalmology etc",TOTAL,NA,NA,NA,NA,NA,NA,NA
M14 [Patient Services],14.13.2,Number of minor operations carried out without anaesthesia or using local anaesthesia,TOTAL,10277,NA,10197,NA,0,0,80
M14 [Patient Services],14.13.3,Health Facility Services/Patient Services/Number of post operative Surgical Site infection,TOTAL,NA,NA,NA,NA,NA,NA,NA
M14 [Patient Services],14.14.a,Number of patients given AYUSH treatment,TOTAL,4833,NA,4828,NA,5,0,NA
M14 [Patient Services],14.14.b,Number of patients on whom Dental Procedure was conducted,TOTAL,1446,NA,1446,NA,0,0,NA
M14 [Patient Services],14.14.c,Number of Adolescents counselled,TOTAL,4343,143,1034,133,2966,67,NA
M15 [Laboratory Testing],15.1.a,Health Facility Services/Laboratory Testing/Total Number of lab Tests Done,TOTAL,NA,NA,NA,NA,NA,NA,NA
M15 [Laboratory Testing],15.1.1.a,Number of Haemoglobin (Hb) tests conducted,TOTAL,97032,376,82918,434,11729,603,972
M15 [Laboratory Testing],15.1.1.b,"Out of the total number of Hb tests conducted, number of cases having Hb less than 7gm/dl",TOTAL,3375,20,2978,23,253,19,82
M15 [Laboratory Testing],15.1.2.a,Number of HIV tests conducted on males,1. Number tested,7299,NA,3943,NA,3295,0,61
M15 [Laboratory Testing],15.1.2.a,Number of HIV tests conducted on males,2. Number Positive,109,NA,84,NA,25,0,0
M15 [Laboratory Testing],15.1.2.b,Number of HIV tests conducted on Female-Non ANC (i.e. non pregnant females),1. Number tested,8541,NA,5044,NA,3489,NA,8
M15 [Laboratory Testing],15.1.2.b,Number of HIV tests conducted on Female-Non ANC (i.e. non pregnant females),2. Number Positive,32,NA,30,NA,2,0,0
M15 [Laboratory Testing],15.1.2.c,Number of HIV tests conducted on Female with ANC (i.e. pregnant females),1. Number tested,22337,NA,15969,NA,6290,NA,78
M15 [Laboratory Testing],15.1.2.c,Number of HIV tests conducted on Female with ANC (i.e. pregnant females),2. Number Positive,188,NA,176,NA,12,0,0
M15 [Laboratory Testing],15.1.2.d,Total number of HIV tests conducted (sum of items 15.1.2.a to 15.1.2.c),1. Number tested,38177,NA,24956,NA,13074,0,147
M15 [Laboratory Testing],15.1.2.d,Total number of HIV tests conducted (sum of items 15.1.2.a to 15.1.2.c),2. Number Positive,329,NA,290,NA,39,0,0
M15 [Laboratory Testing],15.2,Number of Widal tests conducted,Number tested,8121,112,7704,24,158,2,121
M15 [Laboratory Testing],15.3.a,Number of VDRL tests conducted on males,Number tested,824,55,577,56,45,0,91
M15 [Laboratory Testing],15.3.b,Number of VDRL tests conducted on Female-Non ANC (i.e. non pregnant females),Number tested,2875,133,1566,149,1013,0,14
M15 [Laboratory Testing],15.3.c,Number of VDRL tests conducted on Female with ANC (i.e. pregnant females),Number tested,18055,121,12773,179,4831,0,151
M15 [Laboratory Testing],15.3.d,Total number of VDRL tests conducted (sum of items 15.3.a to 15.3.c),Number tested,21754,309,14916,384,5889,0,256
M15 [Laboratory Testing],15.4.1,Number of blood smears examined for Malaria,TOTAL,6030,NA,5577,NA,453,0,NA
M15 [Laboratory Testing],15.4.2,"Out of blood smears examined for malaria, number of blood smears tested positive for Plasmodium Vivax",TOTAL,46,NA,42,NA,4,0,NA
M15 [Laboratory Testing],15.4.3,"Out of blood smears examined for malaria, number of blood smears tested positive for Plasmodium Falciparum",TOTAL,5,NA,4,NA,1,0,NA
M17 [Details of deaths reported during the month with probable causes:],17.1,Number of cases of Infant deaths within 24 hrs of birth,TOTAL,10,NA,10,NA,NA,NA,NA
M17 [Details of deaths reported during the month with probable causes:],17.2.1,Number of cases of Infant deaths 24 hours to 4 weeks of birth with the probable cause being Sepsis,1. Up to 1 Weeks of Birth,1,NA,1,NA,NA,NA,NA
M17 [Details of deaths reported during the month with probable causes:],17.2.1,Number of cases of Infant deaths 24 hours to 4 weeks of birth with the probable cause being Sepsis,2. Between 1 week & 4 weeks of birth,NA,NA,NA,NA,NA,NA,NA
M17 [Details of deaths reported during the month with probable causes:],17.2.1,Number of cases of Infant deaths 24 hours to 4 weeks of birth with the probable cause being Sepsis,3. Total,1,NA,1,NA,NA,NA,NA
M17 [Details of deaths reported during the month with probable causes:],17.2.2,Number of cases of Infant deaths 24 hours to 4 weeks of birth with the probable cause being Asphyxia,1. Up to 1 Weeks of Birth,NA,NA,NA,NA,NA,NA,NA
M17 [Details of deaths reported during the month with probable causes:],17.2.2,Number of cases of Infant deaths 24 hours to 4 weeks of birth with the probable cause being Asphyxia,2. Between 1 week & 4 weeks of birth,NA,NA,NA,NA,NA,NA,NA
M17 [Details of deaths reported during the month with probable causes:],17.2.2,Number of cases of Infant deaths 24 hours to 4 weeks of birth with the probable cause being Asphyxia,3. Total,NA,NA,NA,NA,NA,NA,NA
M17 [Details of deaths reported during the month with probable causes:],17.2.3,Number of cases of Infant deaths 24 hours to 4 weeks of birth with the probable cause being LBW,1. Up to 1 Weeks of Birth,6,NA,6,NA,NA,NA,NA
M17 [Details of deaths reported during the month with probable causes:],17.2.3,Number of cases of Infant deaths 24 hours to 4 weeks of birth with the probable cause being LBW,2. Between 1 week & 4 weeks of birth,NA,NA,NA,NA,NA,NA,NA
M17 [Details of deaths reported during the month with probable causes:],17.2.3,Number of cases of Infant deaths 24 hours to 4 weeks of birth with the probable cause being LBW,3. Total,6,NA,6,NA,NA,NA,NA
M17 [Details of deaths reported during the month with probable causes:],17.2.4,"Number of cases of Infant deaths 24 hours to 4 weeks of birth with the probable cause being other than Sepsis, Asphyxia and LBW",1. Up to 1 Weeks of Birth,8,NA,7,NA,NA,1,NA
M17 [Details of deaths reported during the month with probable causes:],17.2.4,"Number of cases of Infant deaths 24 hours to 4 weeks of birth with the probable cause being other than Sepsis, Asphyxia and LBW",2. Between 1 week & 4 weeks of birth,3,NA,3,NA,NA,NA,NA
M17 [Details of deaths reported during the month with probable causes:],17.2.4,"Number of cases of Infant deaths 24 hours to 4 weeks of birth with the probable cause being other than Sepsis, Asphyxia and LBW",3. Total,11,NA,10,NA,NA,1,NA
M17 [Details of deaths reported during the month with probable causes:],17.3.1,Number of cases of Infant or Child deaths between 1 month to 5 years of age with the probable cause being Pneumonia,1. Between 1 month and 11 months,1,NA,1,NA,NA,NA,NA
M17 [Details of deaths reported during the month with probable causes:],17.3.1,Number of cases of Infant or Child deaths between 1 month to 5 years of age with the probable cause being Pneumonia,2. Between 1 year & 5 years,NA,NA,NA,NA,NA,NA,NA
M17 [Details of deaths reported during the month with probable causes:],17.3.1,Number of cases of Infant or Child deaths between 1 month to 5 years of age with the probable cause being Pneumonia,3. Total,1,NA,1,NA,NA,NA,NA
M17 [Details of deaths reported during the month with probable causes:],17.3.2,Number of cases of Infant or Child deaths between 1 month to 5 years of age with the probable cause being Diarrhoea,1. Between 1 month and 11 months,1,NA,NA,NA,NA,1,NA
M17 [Details of deaths reported during the month with probable causes:],17.3.2,Number of cases of Infant or Child deaths between 1 month to 5 years of age with the probable cause being Diarrhoea,2. Between 1 year & 5 years,NA,NA,NA,NA,NA,NA,NA
M17 [Details of deaths reported during the month with probable causes:],17.3.2,Number of cases of Infant or Child deaths between 1 month to 5 years of age with the probable cause being Diarrhoea,3. Total,1,NA,NA,NA,NA,1,NA
M17 [Details of deaths reported during the month with probable causes:],17.3.3,Number of cases of Infant or Child deaths between 1 month to 5 years of age with the probable cause being Fever related,1. Between 1 month and 11 months,2,NA,2,NA,NA,NA,NA
M17 [Details of deaths reported during the month with probable causes:],17.3.3,Number of cases of Infant or Child deaths between 1 month to 5 years of age with the probable cause being Fever related,2. Between 1 year & 5 years,NA,NA,NA,NA,NA,NA,NA
M17 [Details of deaths reported during the month with probable causes:],17.3.3,Number of cases of Infant or Child deaths between 1 month to 5 years of age with the probable cause being Fever related,3. Total,2,NA,2,NA,NA,NA,NA
M17 [Details of deaths reported during the month with probable causes:],17.3.4,Number of cases of Infant or Child deaths between 1 month to 5 years of age with the probable cause being Measles,1. Between 1 month and 11 months,NA,NA,NA,NA,NA,NA,NA
M17 [Details of deaths reported during the month with probable causes:],17.3.4,Number of cases of Infant or Child deaths between 1 month to 5 years of age with the probable cause being Measles,2. Between 1 year & 5 years,NA,NA,NA,NA,NA,NA,NA
M17 [Details of deaths reported during the month with probable causes:],17.3.4,Number of cases of Infant or Child deaths between 1 month to 5 years of age with the probable cause being Measles,3. Total,NA,NA,NA,NA,NA,NA,NA
M17 [Details of deaths reported during the month with probable causes:],17.3.5,"Number of cases of Infant or Child deaths between 1 month to 5 years of age with the probable cause being other than Pneumonia, Diarrhoea, Fever related and Measles",1. Between 1 month and 11 months,9,NA,8,NA,NA,1,NA
M17 [Details of deaths reported during the month with probable causes:],17.3.5,"Number of cases of Infant or Child deaths between 1 month to 5 years of age with the probable cause being other than Pneumonia, Diarrhoea, Fever related and Measles",2. Between 1 year & 5 years,2,NA,1,NA,NA,1,NA
M17 [Details of deaths reported during the month with probable causes:],17.3.5,"Number of cases of Infant or Child deaths between 1 month to 5 years of age with the probable cause being other than Pneumonia, Diarrhoea, Fever related and Measles",3. Total,11,NA,9,NA,NA,2,NA
M17 [Details of deaths reported during the month with probable causes:],17.4.1,Number of cases of Adolescent or Adult deaths (age 6 years & above) with the probable cause being Diarrhoeal diseases,1. 6-14 yrs,NA,NA,NA,NA,NA,NA,NA
M17 [Details of deaths reported during the month with probable causes:],17.4.1,Number of cases of Adolescent or Adult deaths (age 6 years & above) with the probable cause being Diarrhoeal diseases,2. 15-55 yrs.,NA,NA,NA,NA,NA,NA,NA
M17 [Details of deaths reported during the month with probable causes:],17.4.1,Number of cases of Adolescent or Adult deaths (age 6 years & above) with the probable cause being Diarrhoeal diseases,3. Above 55 yrs.,NA,NA,NA,NA,NA,NA,NA
M17 [Details of deaths reported during the month with probable causes:],17.4.1,Number of cases of Adolescent or Adult deaths (age 6 years & above) with the probable cause being Diarrhoeal diseases,4. Total,NA,NA,NA,NA,NA,NA,NA
M17 [Details of deaths reported during the month with probable causes:],17.4.2,Number of cases of Adolescent or Adult deaths (age 6 years & above) with the probable cause being Tuberculosis,1. 6-14 yrs,NA,NA,NA,NA,NA,NA,NA
M17 [Details of deaths reported during the month with probable causes:],17.4.2,Number of cases of Adolescent or Adult deaths (age 6 years & above) with the probable cause being Tuberculosis,2. 15-55 yrs.,NA,NA,NA,NA,NA,NA,NA
M17 [Details of deaths reported during the month with probable causes:],17.4.2,Number of cases of Adolescent or Adult deaths (age 6 years & above) with the probable cause being Tuberculosis,3. Above 55 yrs.,NA,NA,NA,NA,NA,NA,NA
M17 [Details of deaths reported during the month with probable causes:],17.4.2,Number of cases of Adolescent or Adult deaths (age 6 years & above) with the probable cause being Tuberculosis,4. Total,NA,NA,NA,NA,NA,NA,NA
M17 [Details of deaths reported during the month with probable causes:],17.4.3,Number of cases of Adolescent or Adult deaths (age 6 years & above) with the probable cause being Respiratory diseases including infections,1. 6-14 yrs,NA,NA,NA,NA,NA,NA,NA
M17 [Details of deaths reported during the month with probable causes:],17.4.3,Number of cases of Adolescent or Adult deaths (age 6 years & above) with the probable cause being Respiratory diseases including infections,2. 15-55 yrs.,NA,NA,NA,NA,NA,NA,NA
M17 [Details of deaths reported during the month with probable causes:],17.4.3,Number of cases of Adolescent or Adult deaths (age 6 years & above) with the probable cause being Respiratory diseases including infections,3. Above 55 yrs.,NA,NA,NA,NA,NA,NA,NA
M17 [Details of deaths reported during the month with probable causes:],17.4.3,Number of cases of Adolescent or Adult deaths (age 6 years & above) with the probable cause being Respiratory diseases including infections,4. Total,NA,NA,NA,NA,NA,NA,NA
M17 [Details of deaths reported during the month with probable causes:],17.4.4,Number of cases of Adolescent or Adult deaths (age 6 years & above) with the probable cause being Malaria,1. 6-14 yrs,NA,NA,NA,NA,NA,NA,NA
M17 [Details of deaths reported during the month with probable causes:],17.4.4,Number of cases of Adolescent or Adult deaths (age 6 years & above) with the probable cause being Malaria,2. 15-55 yrs.,NA,NA,NA,NA,NA,NA,NA
M17 [Details of deaths reported during the month with probable causes:],17.4.4,Number of cases of Adolescent or Adult deaths (age 6 years & above) with the probable cause being Malaria,3. Above 55 yrs.,NA,NA,NA,NA,NA,NA,NA
M17 [Details of deaths reported during the month with probable causes:],17.4.4,Number of cases of Adolescent or Adult deaths (age 6 years & above) with the probable cause being Malaria,4. Total,NA,NA,NA,NA,NA,NA,NA
M17 [Details of deaths reported during the month with probable causes:],17.4.5,Number of cases of Adolescent or Adult deaths (age 6 years & above) with the probable cause being other Fever related,1. 6-14 yrs,NA,NA,NA,NA,NA,NA,NA
M17 [Details of deaths reported during the month with probable causes:],17.4.5,Number of cases of Adolescent or Adult deaths (age 6 years & above) with the probable cause being other Fever related,2. 15-55 yrs.,NA,NA,NA,NA,NA,NA,NA
M17 [Details of deaths reported during the month with probable causes:],17.4.5,Number of cases of Adolescent or Adult deaths (age 6 years & above) with the probable cause being other Fever related,3. Above 55 yrs.,NA,NA,NA,NA,NA,NA,NA
M17 [Details of deaths reported during the month with probable causes:],17.4.5,Number of cases of Adolescent or Adult deaths (age 6 years & above) with the probable cause being other Fever related,4. Total,NA,NA,NA,NA,NA,NA,NA
M17 [Details of deaths reported during the month with probable causes:],17.4.6,Number of cases of Adolescent or Adult deaths (age 6 years & above) with the probable cause being HIV/AIDS,1. 6-14 yrs,NA,NA,NA,NA,NA,NA,NA
M17 [Details of deaths reported during the month with probable causes:],17.4.6,Number of cases of Adolescent or Adult deaths (age 6 years & above) with the probable cause being HIV/AIDS,2. 15-55 yrs.,NA,NA,NA,NA,NA,NA,NA
M17 [Details of deaths reported during the month with probable causes:],17.4.6,Number of cases of Adolescent or Adult deaths (age 6 years & above) with the probable cause being HIV/AIDS,3. Above 55 yrs.,NA,NA,NA,NA,NA,NA,NA
M17 [Details of deaths reported during the month with probable causes:],17.4.6,Number of cases of Adolescent or Adult deaths (age 6 years & above) with the probable cause being HIV/AIDS,4. Total,NA,NA,NA,NA,NA,NA,NA
M17 [Details of deaths reported during the month with probable causes:],17.4.7,Number of cases of Adolescent or Adult deaths (age 6 years & above) with the probable cause being Heart disease or related to Hypertension,1. 6-14 yrs,NA,NA,NA,NA,NA,NA,NA
M17 [Details of deaths reported during the month with probable causes:],17.4.7,Number of cases of Adolescent or Adult deaths (age 6 years & above) with the probable cause being Heart disease or related to Hypertension,2. 15-55 yrs.,NA,NA,NA,NA,NA,NA,NA
M17 [Details of deaths reported during the month with probable causes:],17.4.7,Number of cases of Adolescent or Adult deaths (age 6 years & above) with the probable cause being Heart disease or related to Hypertension,3. Above 55 yrs.,NA,NA,NA,NA,NA,NA,NA
M17 [Details of deaths reported during the month with probable causes:],17.4.7,Number of cases of Adolescent or Adult deaths (age 6 years & above) with the probable cause being Heart disease or related to Hypertension,4. Total,NA,NA,NA,NA,NA,NA,NA
M17 [Details of deaths reported during the month with probable causes:],17.4.8,Number of cases of Adolescent or Adult deaths (age 6 years & above) with the probable cause being Neurological disease including strokes,1. 6-14 yrs,NA,NA,NA,NA,NA,NA,NA
M17 [Details of deaths reported during the month with probable causes:],17.4.8,Number of cases of Adolescent or Adult deaths (age 6 years & above) with the probable cause being Neurological disease including strokes,2. 15-55 yrs.,NA,NA,NA,NA,NA,NA,NA
M17 [Details of deaths reported during the month with probable causes:],17.4.8,Number of cases of Adolescent or Adult deaths (age 6 years & above) with the probable cause being Neurological disease including strokes,3. Above 55 yrs.,NA,NA,NA,NA,NA,NA,NA
M17 [Details of deaths reported during the month with probable causes:],17.4.8,Number of cases of Adolescent or Adult deaths (age 6 years & above) with the probable cause being Neurological disease including strokes,4. Total,NA,NA,NA,NA,NA,NA,NA
M17 [Details of deaths reported during the month with probable causes:],17.4.9(a),Number of cases of Maternal deaths (age 15-49 years) with the probable cause being Abortion,1. 6-14 yrs,NA,NA,NA,NA,NA,NA,NA
M17 [Details of deaths reported during the month with probable causes:],17.4.9(a),Number of cases of Maternal deaths (age 15-49 years) with the probable cause being Abortion,2. 15-49 yrs,NA,NA,NA,NA,NA,NA,NA
M17 [Details of deaths reported during the month with probable causes:],17.4.9(a),Number of cases of Maternal deaths (age 15-49 years) with the probable cause being Abortion,3. Above 49 yrs.,NA,NA,NA,NA,NA,NA,NA
M17 [Details of deaths reported during the month with probable causes:],17.4.9(a),Number of cases of Maternal deaths (age 15-49 years) with the probable cause being Abortion,4. Total,NA,NA,NA,NA,NA,NA,NA
M17 [Details of deaths reported during the month with probable causes:],17.4.9(b),Number of cases of Maternal deaths (age 15-49 years) with the probable cause being Obstructed or prolonged labour,1. 6-14 yrs,NA,NA,NA,NA,NA,NA,NA
M17 [Details of deaths reported during the month with probable causes:],17.4.9(b),Number of cases of Maternal deaths (age 15-49 years) with the probable cause being Obstructed or prolonged labour,2. 15-49 yrs,NA,NA,NA,NA,NA,NA,NA
M17 [Details of deaths reported during the month with probable causes:],17.4.9(b),Number of cases of Maternal deaths (age 15-49 years) with the probable cause being Obstructed or prolonged labour,3. Above 49 yrs.,NA,NA,NA,NA,NA,NA,NA
M17 [Details of deaths reported during the month with probable causes:],17.4.9(b),Number of cases of Maternal deaths (age 15-49 years) with the probable cause being Obstructed or prolonged labour,4. Total,NA,NA,NA,NA,NA,NA,NA
M17 [Details of deaths reported during the month with probable causes:],17.4.9(c),Number of cases of Maternal deaths (age 15-49 years) with the probable cause being Severe hypertesnion or fits,1. 6-14 yrs,NA,NA,NA,NA,NA,NA,NA
M17 [Details of deaths reported during the month with probable causes:],17.4.9(c),Number of cases of Maternal deaths (age 15-49 years) with the probable cause being Severe hypertesnion or fits,2. 15-49 yrs,NA,NA,NA,NA,NA,NA,NA
M17 [Details of deaths reported during the month with probable causes:],17.4.9(c),Number of cases of Maternal deaths (age 15-49 years) with the probable cause being Severe hypertesnion or fits,3. Above 49 yrs.,NA,NA,NA,NA,NA,NA,NA
M17 [Details of deaths reported during the month with probable causes:],17.4.9(c),Number of cases of Maternal deaths (age 15-49 years) with the probable cause being Severe hypertesnion or fits,4. Total,NA,NA,NA,NA,NA,NA,NA
M17 [Details of deaths reported during the month with probable causes:],17.4.9(d),Number of cases of Maternal deaths (age 15-49 years) with the probable cause being Bleeding,1. 6-14 yrs,NA,NA,NA,NA,NA,NA,NA
M17 [Details of deaths reported during the month with probable causes:],17.4.9(d),Number of cases of Maternal deaths (age 15-49 years) with the probable cause being Bleeding,2. 15-49 yrs,NA,NA,NA,NA,NA,NA,NA
M17 [Details of deaths reported during the month with probable causes:],17.4.9(d),Number of cases of Maternal deaths (age 15-49 years) with the probable cause being Bleeding,3. Above 49 yrs.,NA,NA,NA,NA,NA,NA,NA
M17 [Details of deaths reported during the month with probable causes:],17.4.9(d),Number of cases of Maternal deaths (age 15-49 years) with the probable cause being Bleeding,4. Total,NA,NA,NA,NA,NA,NA,NA
M17 [Details of deaths reported during the month with probable causes:],17.4.9(e),Number of cases of Maternal deaths (age 15-49 years) with the probable cause being High Fever,1. 6-14 yrs,NA,NA,NA,NA,NA,NA,NA
M17 [Details of deaths reported during the month with probable causes:],17.4.9(e),Number of cases of Maternal deaths (age 15-49 years) with the probable cause being High Fever,2. 15-49 yrs,1,NA,1,NA,NA,NA,NA
M17 [Details of deaths reported during the month with probable causes:],17.4.9(e),Number of cases of Maternal deaths (age 15-49 years) with the probable cause being High Fever,3. Above 49 yrs.,NA,NA,NA,NA,NA,NA,NA
M17 [Details of deaths reported during the month with probable causes:],17.4.9(e),Number of cases of Maternal deaths (age 15-49 years) with the probable cause being High Fever,4. Total,1,NA,1,NA,NA,NA,NA
M17 [Details of deaths reported during the month with probable causes:],17.4.9(f),Number of cases of Maternal deaths (age 15-49 years) with the probable cause being other causes (excluding abortion; obstructed or prolonged labour; severe hypertension or fits;,1. 6-14 yrs,NA,NA,NA,NA,NA,NA,NA
M17 [Details of deaths reported during the month with probable causes:],17.4.9(f),Number of cases of Maternal deaths (age 15-49 years) with the probable cause being other causes (excluding abortion; obstructed or prolonged labour; severe hypertension or fits;,2. 15-49 yrs,1,NA,1,NA,NA,NA,NA
M17 [Details of deaths reported during the month with probable causes:],17.4.9(f),Number of cases of Maternal deaths (age 15-49 years) with the probable cause being other causes (excluding abortion; obstructed or prolonged labour; severe hypertension or fits;,3. Above 49 yrs.,NA,NA,NA,NA,NA,NA,NA
M17 [Details of deaths reported during the month with probable causes:],17.4.9(f),Number of cases of Maternal deaths (age 15-49 years) with the probable cause being other causes (excluding abortion; obstructed or prolonged labour; severe hypertension or fits;,4. Total,1,NA,1,NA,NA,NA,NA
M17 [Details of deaths reported during the month with probable causes:],17.4.10,Number of cases of Adolescent or Adult deaths (age 6 years & above) with the probable cause being Trauma or Accidents or Burn cases,1. 6-14 yrs,NA,NA,NA,NA,NA,NA,NA
M17 [Details of deaths reported during the month with probable causes:],17.4.10,Number of cases of Adolescent or Adult deaths (age 6 years & above) with the probable cause being Trauma or Accidents or Burn cases,2. 15-55 yrs.,NA,NA,NA,NA,NA,NA,NA
M17 [Details of deaths reported during the month with probable causes:],17.4.10,Number of cases of Adolescent or Adult deaths (age 6 years & above) with the probable cause being Trauma or Accidents or Burn cases,3. Above 55 yrs.,NA,NA,NA,NA,NA,NA,NA
M17 [Details of deaths reported during the month with probable causes:],17.4.10,Number of cases of Adolescent or Adult deaths (age 6 years & above) with the probable cause being Trauma or Accidents or Burn cases,4. Total,NA,NA,NA,NA,NA,NA,NA
M17 [Details of deaths reported during the month with probable causes:],17.4.11,Number of cases of Adolescent or Adult deaths (age 6 years & above) with the probable cause being suicide,1. 6-14 yrs,NA,NA,NA,NA,NA,NA,NA
M17 [Details of deaths reported during the month with probable causes:],17.4.11,Number of cases of Adolescent or Adult deaths (age 6 years & above) with the probable cause being suicide,2. 15-55 yrs.,NA,NA,NA,NA,NA,NA,NA
M17 [Details of deaths reported during the month with probable causes:],17.4.11,Number of cases of Adolescent or Adult deaths (age 6 years & above) with the probable cause being suicide,3. Above 55 yrs.,NA,NA,NA,NA,NA,NA,NA
M17 [Details of deaths reported during the month with probable causes:],17.4.11,Number of cases of Adolescent or Adult deaths (age 6 years & above) with the probable cause being suicide,4. Total,NA,NA,NA,NA,NA,NA,NA
M17 [Details of deaths reported during the month with probable causes:],17.4.12,Number of cases of Adolescent or Adult deaths (age 6 years & above) with the probable cause being Animal bites and stings,1. 6-14 yrs,NA,NA,NA,NA,NA,NA,NA
M17 [Details of deaths reported during the month with probable causes:],17.4.12,Number of cases of Adolescent or Adult deaths (age 6 years & above) with the probable cause being Animal bites and stings,2. 15-55 yrs.,NA,NA,NA,NA,NA,NA,NA
M17 [Details of deaths reported during the month with probable causes:],17.4.12,Number of cases of Adolescent or Adult deaths (age 6 years & above) with the probable cause being Animal bites and stings,3. Above 55 yrs.,NA,NA,NA,NA,NA,NA,NA
M17 [Details of deaths reported during the month with probable causes:],17.4.12,Number of cases of Adolescent or Adult deaths (age 6 years & above) with the probable cause being Animal bites and stings,4. Total,NA,NA,NA,NA,NA,NA,NA
M17 [Details of deaths reported during the month with probable causes:],17.4.13(a),Number of cases of Adolescent or Adult deaths (age 6 years & above) with the probable cause being Known Acute disease,1. 6-14 yrs,NA,NA,NA,NA,NA,NA,NA
M17 [Details of deaths reported during the month with probable causes:],17.4.13(a),Number of cases of Adolescent or Adult deaths (age 6 years & above) with the probable cause being Known Acute disease,2. 15-55 yrs.,NA,NA,NA,NA,NA,NA,NA
M17 [Details of deaths reported during the month with probable causes:],17.4.13(a),Number of cases of Adolescent or Adult deaths (age 6 years & above) with the probable cause being Known Acute disease,3. Above 55 yrs.,NA,NA,NA,NA,NA,NA,NA
M17 [Details of deaths reported during the month with probable causes:],17.4.13(a),Number of cases of Adolescent or Adult deaths (age 6 years & above) with the probable cause being Known Acute disease,4. Total,NA,NA,NA,NA,NA,NA,NA
M17 [Details of deaths reported during the month with probable causes:],17.4.13(b),Number of cases of Adolescent or Adult deaths (age 6 years & above) with the probable cause being Known Chronic disease,1. 6-14 yrs,NA,NA,NA,NA,NA,NA,NA
M17 [Details of deaths reported during the month with probable causes:],17.4.13(b),Number of cases of Adolescent or Adult deaths (age 6 years & above) with the probable cause being Known Chronic disease,2. 15-55 yrs.,NA,NA,NA,NA,NA,NA,NA
M17 [Details of deaths reported during the month with probable causes:],17.4.13(b),Number of cases of Adolescent or Adult deaths (age 6 years & above) with the probable cause being Known Chronic disease,3. Above 55 yrs.,NA,NA,NA,NA,NA,NA,NA
M17 [Details of deaths reported during the month with probable causes:],17.4.13(b),Number of cases of Adolescent or Adult deaths (age 6 years & above) with the probable cause being Known Chronic disease,4. Total,NA,NA,NA,NA,NA,NA,NA
M17 [Details of deaths reported during the month with probable causes:],17.4.13(c),Number of cases of Adolescent or Adult deaths (age 6 years & above) where the cause was not known,1. 6-14 yrs,NA,NA,NA,NA,NA,NA,NA
M17 [Details of deaths reported during the month with probable causes:],17.4.13(c),Number of cases of Adolescent or Adult deaths (age 6 years & above) where the cause was not known,2. 15-55 yrs.,NA,NA,NA,NA,NA,NA,NA
M17 [Details of deaths reported during the month with probable causes:],17.4.13(c),Number of cases of Adolescent or Adult deaths (age 6 years & above) where the cause was not known,3. Above 55 yrs.,NA,NA,NA,NA,NA,NA,NA
M17 [Details of deaths reported during the month with probable causes:],17.4.13(c),Number of cases of Adolescent or Adult deaths (age 6 years & above) where the cause was not known,4. Total,NA,NA,NA,NA,NA,NA,NA
